Eb/No,Es/No,Sigma,# Bit Errors,# Frame Errors,# Simulated frames,BER,FER,Time for this SNR,Average time for one frame,SNR throughput
0.000000, -24.082401, 11.313710, 305, 100, 106, 0.089917, 0.943396, 79139.000000, 746.594360, 0.042861
1.000000, -23.082401, 10.083356, 229, 100, 117, 0.061165, 0.854701, 86434.000000, 738.752136, 0.043316
2.000000, -22.082401, 8.986799, 166, 100, 125, 0.041500, 0.800000, 91546.000000, 732.367981, 0.043694
3.000000, -21.082401, 8.009494, 142, 100, 180, 0.024653, 0.555556, 131229.000000, 729.049988, 0.043893
4.000000, -20.082401, 7.138470, 123, 100, 294, 0.013074, 0.340136, 212646.000000, 723.285706, 0.044243
5.000000, -19.082401, 6.362167, 112, 100, 617, 0.005673, 0.162075, 443792.000000, 719.273926, 0.044489
6.000000, -18.082401, 5.670288, 106, 100, 1239, 0.002674, 0.080710, 885542.000000, 714.723145, 0.044773
7.000000, -17.082401, 5.053649, 103, 100, 4069, 0.000791, 0.024576, 2897153.000000, 712.006165, 0.044943
8.000000, -16.082401, 4.504069, 100, 100, 13533, 0.000231, 0.007389, 9576617.000000, 707.649231, 0.045220
