Eb/No,Es/No,Sigma,# Bit Errors,# Frame Errors,# Simulated frames,BER,FER,Time for this SNR,Average time for one frame,SNR throughput
0.000000, -24.082401, 11.313710, 369, 100, 101, 0.114171, 0.990099, 84305.000000, 834.702942, 0.038337
1.000000, -23.082401, 10.083356, 317, 100, 106, 0.093455, 0.943396, 81379.000000, 767.726440, 0.041682
2.000000, -22.082401, 8.986799, 242, 100, 114, 0.066338, 0.877193, 84375.000000, 740.131592, 0.043236
3.000000, -21.082401, 8.009494, 191, 100, 135, 0.044213, 0.740741, 97479.000000, 722.066650, 0.044317
4.000000, -20.082401, 7.138470, 157, 100, 165, 0.029735, 0.606061, 120823.000000, 732.260620, 0.043700
5.000000, -19.082401, 6.362167, 128, 100, 210, 0.019048, 0.476190, 162775.000000, 775.119019, 0.041284
6.000000, -18.082401, 5.670288, 118, 100, 450, 0.008194, 0.222222, 325986.000000, 724.413330, 0.044174
