# Bit Errors, # Frame Errors, # Simulated frames, BER, FER, Time for this SNR, Average time for one frame
272, 100, 101, 0.000000, 0.000000, 0.001308, 0.000013
260, 100, 101, 0.000000, 0.000000, 0.001158, 0.000011
161, 100, 115, 0.000000, 0.000000, 0.001296, 0.000011
