Eb/No,Es/No,Sigma,# Bit Errors,# Frame Errors,# Simulated frames,BER,FER,Time for this SNR,Average time for one frame,SNR throughput
0.000000, -24.082401, 11.313710, 860, 100, 100, 0.268750, 1.000000, 90292.000000, 902.919983, 0.035441
1.000000, -23.082401, 10.083356, 733, 100, 100, 0.229062, 1.000000, 80260.000000, 802.599976, 0.039870
2.000000, -22.082401, 8.986799, 636, 100, 100, 0.198750, 1.000000, 86370.000000, 863.700012, 0.037050
3.000000, -21.082401, 8.009494, 488, 100, 100, 0.152500, 1.000000, 86664.000000, 866.640015, 0.036924
4.000000, -20.082401, 7.138470, 395, 100, 104, 0.118690, 0.961538, 86068.000000, 827.576904, 0.038667
5.000000, -19.082401, 6.362167, 280, 100, 107, 0.081776, 0.934579, 89213.000000, 833.766357, 0.038380
6.000000, -18.082401, 5.670288, 191, 100, 125, 0.047750, 0.800000, 98556.000000, 788.447998, 0.040586
