Eb/No, Es/No, Sigma, # Bit Errors, # Frame Errors, # Simulated frames, BER, FER, Time for this SNR, Average time for one frame
0.000000, 0.000000, 0.707107, 172, 100, 120, 0.000000, 0.000000, 0.001130, 0.000009
1.000000, 1.000000, 0.630210, 129, 100, 127, 0.000000, 0.000000, 0.001048, 0.000008
2.000000, 2.000000, 0.561675, 100, 100, 207, 0.000000, 0.000000, 0.001683, 0.000008
3.000000, 3.000000, 0.500593, 100, 100, 203, 0.000000, 0.000000, 0.001658, 0.000008
4.000000, 4.000000, 0.446154, 100, 100, 183, 0.000000, 0.000000, 0.001495, 0.000008
