Eb/No,Es/No,Sigma,# Bit Errors,# Frame Errors,# Simulated frames,BER,FER,Time for this SNR,Average time for one frame, SNR throughput
0.000000, -6.020600, 1.414214, 1, 1, 1, 0.031250, 1.000000, 444.000000, 444.000000, 0.072072
1.000000, -5.020600, 1.260419, 2, 1, 2, 0.031250, 0.500000, 574.000000, 287.000000, 0.111498
