Eb/No, Es/No, Sigma, # Bit Errors, # Frame Errors, # Simulated frames, BER, FER, Time for this SNR, Average time for one frame
0.000000, -4.771213, 1.224745, 244, 100, 101, 0.000000, 0.000000, 0.001677, 0.000017
1.000000, -3.771213, 1.091555, 100, 100, 216, 0.000000, 0.000000, 0.003185, 0.000015
2.000000, -2.771213, 0.972849, 100, 100, 218, 0.000000, 0.000000, 0.003058, 0.000014
3.000000, -1.771213, 0.867053, 100, 100, 197, 0.000000, 0.000000, 0.002647, 0.000013
4.000000, -0.771213, 0.772762, 100, 100, 209, 0.000000, 0.000000, 0.002806, 0.000013
5.000000, 0.228787, 0.688725, 100, 100, 181, 0.000000, 0.000000, 0.002382, 0.000013
