Eb/No,Es/No,Sigma,# Bit Errors,# Frame Errors,# Simulated frames,BER,FER,Time for this SNR,Average time for one frame,SNR throughput
0.000000, -24.082401, 11.313710, 287, 100, 106, 0.084611, 0.943396, 35200.000000, 332.075470, 0.096364
1.000000, -23.082401, 10.083356, 204, 100, 120, 0.053125, 0.833333, 29058.000000, 242.149994, 0.132149
2.000000, -22.082401, 8.986799, 157, 100, 137, 0.035812, 0.729927, 28355.000000, 206.970810, 0.154611
3.000000, -21.082401, 8.009494, 147, 100, 190, 0.024178, 0.526316, 35461.000000, 186.636841, 0.171456
4.000000, -20.082401, 7.138470, 122, 100, 274, 0.013914, 0.364964, 50490.000000, 184.270081, 0.173658
5.000000, -19.082401, 6.362167, 110, 100, 556, 0.006183, 0.179856, 102107.000000, 183.645691, 0.174249
6.000000, -18.082401, 5.670288, 106, 100, 1250, 0.002650, 0.080000, 228715.000000, 182.972000, 0.174890
7.000000, -17.082401, 5.053649, 102, 100, 3697, 0.000862, 0.027049, 677462.000000, 183.246414, 0.174628
8.000000, -16.082401, 4.504069, 100, 100, 15953, 0.000196, 0.006268, 2915826.000000, 182.776031, 0.175078
