Eb/No, Es/No, Sigma, # Bit Errors, # Frame Errors, # Simulated frames, BER, FER, Time for this SNR, Average time for one frame
0.000000, -6.020600, 1.414214, 408, 100, 100, 0.000000, 1.000000, 0.002027, 0.000020
1.000000, -5.020600, 1.260419, 354, 100, 101, 0.000000, 0.000000, 0.001784, 0.000018
2.000000, -4.020600, 1.123350, 349, 100, 102, 0.000000, 0.000000, 0.001708, 0.000017
3.000000, -3.020600, 1.001187, 312, 100, 105, 0.000000, 0.000000, 0.001726, 0.000016
4.000000, -2.020600, 0.892308, 315, 100, 101, 0.000000, 0.000000, 0.001659, 0.000016
5.000000, -1.020600, 0.795271, 202, 100, 104, 0.000000, 0.000000, 0.001701, 0.000016
6.000000, -0.020600, 0.708786, 100, 100, 210, 0.000000, 0.000000, 0.003320, 0.000016
