# Bit Errors, # Frame Errors, # Simulated frames, BER, FER, Time for this SNR, Average time for one frame
404, 100, 100, 0.000000, 1.000000, 0.009490, 0.000095
348, 100, 100, 0.000000, 1.000000, 0.009202, 0.000092
368, 100, 101, 0.000000, 0.000000, 0.007492, 0.000074
305, 100, 102, 0.000000, 0.000000, 0.006890, 0.000068
294, 100, 104, 0.000000, 0.000000, 0.009271, 0.000089
204, 100, 111, 0.000000, 0.000000, 0.015352, 0.000138
100, 100, 190, 0.000000, 0.000000, 0.026360, 0.000139
