Eb/No,Es/No,Sigma,# Bit Errors,# Frame Errors,# Simulated frames,BER,FER,Time for this SNR,Average time for one frame,SNR throughput
0.000000, -24.082401, 11.313710, 305, 100, 106, 0.089917, 0.943396, 80770.000000, 761.981140, 0.041996
1.000000, -23.082401, 10.083356, 229, 100, 117, 0.061165, 0.854701, 87078.000000, 744.256409, 0.042996
2.000000, -22.082401, 8.986799, 166, 100, 125, 0.041500, 0.800000, 92484.000000, 739.872009, 0.043251
3.000000, -21.082401, 8.009494, 142, 100, 180, 0.024653, 0.555556, 132241.000000, 734.672241, 0.043557
4.000000, -20.082401, 7.138470, 123, 100, 294, 0.013074, 0.340136, 214726.000000, 730.360535, 0.043814
5.000000, -19.082401, 6.362167, 112, 100, 617, 0.005673, 0.162075, 447832.000000, 725.821716, 0.044088
6.000000, -18.082401, 5.670288, 106, 100, 1239, 0.002674, 0.080710, 894409.000000, 721.879761, 0.044329
7.000000, -17.082401, 5.053649, 103, 100, 4069, 0.000791, 0.024576, 2926834.000000, 719.300537, 0.044488
