Eb/No,Es/No,Sigma,# Bit Errors,# Frame Errors,# Simulated frames,BER,FER,Time for this SNR,Average time for one frame,SNR throughput
0.000000, -24.082401, 11.313710, 290, 100, 106, 0.085495, 0.943396, 60453.000000, 570.311340, 0.056110
1.000000, -23.082401, 10.083356, 208, 100, 116, 0.056034, 0.862069, 64815.000000, 558.750000, 0.057271
2.000000, -22.082401, 8.986799, 162, 100, 138, 0.036685, 0.724638, 77073.000000, 558.500000, 0.057296
3.000000, -21.082401, 8.009494, 140, 100, 183, 0.023907, 0.546448, 102138.000000, 558.131165, 0.057334
4.000000, -20.082401, 7.138470, 126, 100, 310, 0.012702, 0.322581, 173030.000000, 558.161316, 0.057331
5.000000, -19.082401, 6.362167, 114, 100, 626, 0.005691, 0.159744, 349390.000000, 558.130981, 0.057334
6.000000, -18.082401, 5.670288, 103, 100, 1426, 0.002257, 0.070126, 795920.000000, 558.148682, 0.057332
7.000000, -17.082401, 5.053649, 103, 100, 4100, 0.000785, 0.024390, 2291465.000000, 558.893921, 0.057256
8.000000, -16.082401, 4.504069, 100, 100, 14996, 0.000208, 0.006668, 8381236.000000, 558.898132, 0.057256
