Eb/No,Es/No,Sigma,# Bit Errors,# Frame Errors,# Simulated frames,BER,FER,Time for this SNR,Average time for one frame,SNR throughput
0.000000, -24.082401, 11.313710, 297, 100, 105, 0.088393, 0.952381, 61245.000000, 583.285706, 0.054862
1.000000, -23.082401, 10.083356, 208, 100, 114, 0.057018, 0.877193, 65963.000000, 578.622803, 0.055304
2.000000, -22.082401, 8.986799, 159, 100, 136, 0.036535, 0.735294, 78792.000000, 579.352966, 0.055234
3.000000, -21.082401, 8.009494, 136, 100, 181, 0.023481, 0.552486, 104894.000000, 579.524841, 0.055218
4.000000, -20.082401, 7.138470, 121, 100, 319, 0.011853, 0.313480, 184546.000000, 578.514099, 0.055314
5.000000, -19.082401, 6.362167, 115, 100, 636, 0.005651, 0.157233, 368479.000000, 579.369507, 0.055232
6.000000, -18.082401, 5.670288, 105, 100, 1311, 0.002503, 0.076278, 760021.000000, 579.726135, 0.055198
7.000000, -17.082401, 5.053649, 102, 100, 4219, 0.000756, 0.023702, 2444517.000000, 579.406738, 0.055229
8.000000, -16.082401, 4.504069, 100, 100, 14809, 0.000211, 0.006753, 8577323.000000, 579.196655, 0.055249
