Eb/No,Es/No,Sigma,# Bit Errors,# Frame Errors,# Simulated frames,BER,FER,Time for this SNR,Average time for one frame,SNR throughput
0.000000, -24.082401, 11.313710, 290, 100, 106, 0.085495, 0.943396, 60606.000000, 571.754700, 0.055968
1.000000, -23.082401, 10.083356, 208, 100, 116, 0.056034, 0.862069, 64877.000000, 559.284485, 0.057216
2.000000, -22.082401, 8.986799, 162, 100, 138, 0.036685, 0.724638, 77061.000000, 558.413025, 0.057305
3.000000, -21.082401, 8.009494, 140, 100, 183, 0.023907, 0.546448, 102204.000000, 558.491821, 0.057297
4.000000, -20.082401, 7.138470, 126, 100, 310, 0.012702, 0.322581, 173257.000000, 558.893555, 0.057256
5.000000, -19.082401, 6.362167, 114, 100, 626, 0.005691, 0.159744, 349704.000000, 558.632568, 0.057283
6.000000, -18.082401, 5.670288, 103, 100, 1426, 0.002257, 0.070126, 796265.000000, 558.390625, 0.057308
7.000000, -17.082401, 5.053649, 103, 100, 4100, 0.000785, 0.024390, 2293205.000000, 559.318298, 0.057213
