Eb/No,Es/No,Sigma,# Bit Errors,# Frame Errors,# Simulated frames,BER,FER,Time for this SNR,Average time for one frame,SNR throughput
0.000000, -24.082401, 11.313710, 305, 100, 106, 0.089917, 0.943396, 82290.000000, 776.320740, 0.041220
1.000000, -23.082401, 10.083356, 229, 100, 117, 0.061165, 0.854701, 87547.000000, 748.264954, 0.042766
2.000000, -22.082401, 8.986799, 166, 100, 125, 0.041500, 0.800000, 92856.000000, 742.848022, 0.043077
3.000000, -21.082401, 8.009494, 142, 100, 180, 0.024653, 0.555556, 132837.000000, 737.983337, 0.043361
4.000000, -20.082401, 7.138470, 123, 100, 294, 0.013074, 0.340136, 216142.000000, 735.176880, 0.043527
5.000000, -19.082401, 6.362167, 112, 100, 617, 0.005673, 0.162075, 450830.000000, 730.680725, 0.043795
6.000000, -18.082401, 5.670288, 106, 100, 1239, 0.002674, 0.080710, 900108.000000, 726.479431, 0.044048
7.000000, -17.082401, 5.053649, 103, 100, 4069, 0.000791, 0.024576, 2946031.000000, 724.018433, 0.044198
8.000000, -16.082401, 4.504069, 100, 100, 13533, 0.000231, 0.007389, 9739244.000000, 719.666321, 0.044465
