Eb/No,Es/No,Sigma,# Bit Errors,# Frame Errors,# Simulated frames,BER,FER,Time for this SNR,Average time for one frame,SNR throughput
0.000000, -24.082401, 11.313710, 264, 100, 103, 0.080097, 0.970874, 30728.000000, 298.330109, 0.107264
1.000000, -23.082401, 10.083356, 219, 100, 121, 0.056560, 0.826446, 27497.000000, 227.247940, 0.140815
2.000000, -22.082401, 8.986799, 170, 100, 153, 0.034722, 0.653595, 30411.000000, 198.764709, 0.160994
3.000000, -21.082401, 8.009494, 132, 100, 190, 0.021711, 0.526316, 35393.000000, 186.278946, 0.171785
4.000000, -20.082401, 7.138470, 120, 100, 276, 0.013587, 0.362319, 51639.000000, 187.097824, 0.171034
5.000000, -19.082401, 6.362167, 108, 100, 604, 0.005588, 0.165563, 110288.000000, 182.596024, 0.175250
6.000000, -18.082401, 5.670288, 108, 100, 1353, 0.002494, 0.073910, 245587.000000, 181.512939, 0.176296
7.000000, -17.082401, 5.053649, 101, 100, 4012, 0.000787, 0.024925, 734234.000000, 183.009476, 0.174854
8.000000, -16.082401, 4.504069, 100, 100, 16034, 0.000195, 0.006237, 2902175.000000, 181.001312, 0.176794
