Eb/No, Es/No, Sigma, # Bit Errors, # Frame Errors, # Simulated frames, BER, FER, Time for this SNR, Average time for one frame
0.000000, -6.020600, 1.414214, 274, 100, 101, 0.000000, 0.000000, 0.002026, 0.000020
1.000000, -5.020600, 1.260419, 200, 100, 109, 0.000000, 0.000000, 0.002026, 0.000019
2.000000, -4.020600, 1.123350, 161, 100, 113, 0.000000, 0.000000, 0.001971, 0.000017
3.000000, -3.020600, 1.001187, 138, 100, 133, 0.000000, 0.000000, 0.002232, 0.000017
4.000000, -2.020600, 0.892308, 100, 100, 221, 0.000000, 0.000000, 0.003610, 0.000016
5.000000, -1.020600, 0.795271, 100, 100, 199, 0.000000, 0.000000, 0.003119, 0.000016
