Eb/No,Es/No,Sigma,# Bit Errors,# Frame Errors,# Simulated frames,BER,FER,Time for this SNR,Average time for one frame,SNR throughput
0.000000, -24.082401, 11.313710, 305, 100, 106, 0.089917, 0.943396, 79687.000000, 751.764160, 0.042567
1.000000, -23.082401, 10.083356, 229, 100, 117, 0.061165, 0.854701, 86551.000000, 739.752136, 0.043258
2.000000, -22.082401, 8.986799, 166, 100, 125, 0.041500, 0.800000, 91759.000000, 734.072021, 0.043592
3.000000, -21.082401, 8.009494, 142, 100, 180, 0.024653, 0.555556, 131286.000000, 729.366638, 0.043874
4.000000, -20.082401, 7.138470, 123, 100, 294, 0.013074, 0.340136, 213094.000000, 724.809509, 0.044150
5.000000, -19.082401, 6.362167, 112, 100, 617, 0.005673, 0.162075, 444832.000000, 720.959473, 0.044385
6.000000, -18.082401, 5.670288, 106, 100, 1239, 0.002674, 0.080710, 888129.000000, 716.811157, 0.044642
7.000000, -17.082401, 5.053649, 103, 100, 4069, 0.000791, 0.024576, 2902924.000000, 713.424438, 0.044854
